업체명,노선명,유형,기점,종점,인가대수,운행대수,예비대수,인가거리,운행시간,총운행횟수,최소,최대,첫차시간,막차시간
북부운수,01A,순환,남산예장버스환승주차장,남산예장버스환승주차장,15 ,11 ,2 ,16,60 ,132 ,5 ,12 ,630,2300
북부운수,01B,순환,남산예장버스환승주차장,남산예장버스환승주차장,7 ,7 ,0 ,16,65 ,84 ,10 ,18 ,630,2300
대원여객,040,간선,용산공영차고지,개포동,15 ,12 ,3 ,38.5,195 ,71 ,13 ,17 ,430,2240
보광교통,0017,지선,용산차고지,신용산역3번출구,9 ,8 ,1 ,13.5,70 ,96 ,9 ,16 ,500,2315
대원여객,0411,지선,용산차고지,AT센터,22 ,21 ,1 ,44.3,220 ,88 ,10 ,15 ,420,2230
한성여객,100 ,간선,하계동,용산구청,29 ,28 ,1 ,57.09,237 ,109 ,8 ,12 ,400,2230
동아운수,101 ,간선,우이동,서소문,23 ,22 ,1 ,37.81,170 ,118 ,6 ,10 ,400,2300
한성운수,101 ,간선,우이동,서소문,8 ,8 ,0 ,37.81,170 ,41 ,5 ,10 ,400,2300
삼화상운,102 ,간선,상계주공7단지,동대문,2 ,2 ,0 ,30.2,126 ,14 ,8 ,12 ,400,2310
흥안운수,102 ,간선,상계주공7단지,동대문,18 ,17 ,1 ,30.2,126 ,120 ,8 ,12 ,400,2310
삼화상운,103 ,간선,삼화상운,서울역,24 ,23 ,1 ,30.42,135 ,149 ,6 ,12 ,430,2300
선일교통,104 ,간선,강북청소년수련관,서울역버스환승센터,24 ,23 ,1 ,30.5,145 ,152 ,5 ,10 ,400,2315
흥안운수,105 ,간선,상계주공7단지,서울역,18 ,18 ,0 ,38.77,145 ,101 ,8 ,14 ,400,2240
대원여객,107 ,간선,민락동차고지,동대문,25 ,24 ,1 ,61,230 ,92 ,10 ,13 ,410,2230
영신여객,109 ,간선,우이동,광화문,14 ,14 ,0 ,28.16,122 ,100 ,9 ,15 ,427,2320
대원여객,111 ,간선,민락동차고지,동대문,13 ,13 ,0 ,57.1,235 ,48 ,15 ,24 ,410,2220
영신여객,120 ,간선,우이동,청량리,32 ,31 ,1 ,33.1,142 ,186 ,5 ,8 ,425,2310
동아운수,121 ,간선,화계사,서울숲,26 ,25 ,1 ,33.68,150 ,143 ,6 ,10 ,400,2230
삼양교통,130 ,간선,우이동,길동,42 ,39 ,3 ,48.7,183 ,196 ,3 ,12 ,420,2250
한국brt자동차,140 ,간선,도봉산역광역환승센터,AT센터양재꽃시장,45 ,44 ,1 ,58.1,230 ,176 ,5 ,8 ,400,2250
아진교통,141 ,간선,도봉산,염곡동,37 ,36 ,1 ,54.1,215 ,141 ,5 ,12 ,400,2240
아진교통,142 ,간선,방배동,도봉산,38 ,37 ,1 ,59.4,225 ,143 ,5 ,12 ,400,2245
대진여객,143 ,간선,정릉,개포동,50 ,49 ,1 ,62.2,230 ,196 ,4 ,8 ,400,2210
삼양교통,144 ,간선,우이동,교대,39 ,38 ,1 ,48.79,205 ,166 ,3 ,12 ,430,2250
한성운수,145 ,간선,번동,강남역,34 ,33 ,1 ,45.6,185 ,156 ,4 ,10 ,400,2240
삼화상운,146 ,간선,상계주공7단지,강남역,12 ,11 ,1 ,57.2,244 ,40 ,1 ,12 ,405,2300
흥안운수,146 ,간선,상계주공7단지,강남역,29 ,27 ,2 ,57.2,244 ,107 ,1 ,12 ,405,2300
진아교통,147 ,간선,월계동,도곡동,39 ,37 ,2 ,52.82,235 ,148 ,7 ,9 ,400,2210
한성운수,148 ,간선,번동,방배동,31 ,30 ,1 ,44.6,185 ,141 ,4 ,10 ,400,2240
서울교통네트웍,150 ,간선,도봉산역,시흥대교,50 ,49 ,1 ,74.8,281 ,157 ,6 ,9 ,357,2200
동아운수,151 ,간선,우이동,중앙대,35 ,34 ,1 ,47.32,200 ,153 ,6 ,10 ,400,2250
동아운수,152 ,간선,화계사,삼막사사거리,51 ,49 ,2 ,64.43,260 ,147 ,3 ,10 ,400,2200
서울교통네트웍,160 ,간선,도봉산역,온수동종점,49 ,48 ,1 ,69.9,270 ,154 ,6 ,9 ,357,2210
대진여객,162 ,간선,정릉,여의도,29 ,28 ,1 ,37.7,155 ,168 ,6 ,9 ,400,2250
동아운수,163 ,간선,우이동,대방역,42 ,41 ,1 ,55.63,220 ,166 ,5 ,10 ,400,2230
도원교통,171 ,간선,국민대앞,월드컵파크7단지,29 ,28 ,1 ,45.37,176 ,148 ,6 ,11 ,400,2300
한성여객,172 ,간선,하계동,상암동,26 ,26 ,0 ,47,210 ,112 ,8 ,12 ,400,2245
삼화상운,173 ,간선,월계동,신촌기차역,25 ,24 ,1 ,43.2,195 ,108 ,7 ,13 ,400,2250
대원여객,201 ,간선,수택동차고지,서울역환승센터,19 ,18 ,1 ,51.7,210 ,73 ,13 ,18 ,400,0
태릉교통,202 ,간선,불암동,후암동,36 ,36 ,0 ,53.1,220 ,149 ,5 ,10 ,400,2200
대원교통,240 ,간선,중랑공영차고지,신사역사거리,22 ,21 ,1 ,41.8,205 ,93 ,10 ,15 ,400,2250
대원교통,241 ,간선,중랑공영차고지,논현역,28 ,25 ,3 ,51,225 ,109 ,9 ,11 ,400,2230
대원교통,242 ,간선,중랑공영차고지,개포동,19 ,19 ,0 ,47,215 ,79 ,10 ,17 ,400,2230
메트로버스,260 ,간선,중랑공영차고지,국회의사당,30 ,30 ,0 ,53.1,205 ,138 ,7 ,10 ,355,2240
상진운수,261 ,간선,석관동(상진운수종점),여의도,33 ,32 ,1 ,52.7,220 ,128 ,7 ,11 ,350,2230
대원교통,262 ,간선,중랑공영차고지,여의도환승센타,5 ,4 ,1 ,56.5,260 ,18 ,5 ,15 ,400,2200
북부운수,262 ,간선,중랑공영차고지,여의도환승센타,29 ,28 ,1 ,56.5,260 ,102 ,5 ,15 ,400,2200
다모아자동차,270 ,간선,상암차고지,망우리(출),33 ,32 ,1 ,50.9,225 ,128 ,7 ,10 ,400,2220
경성여객,271 ,간선,용마문화복지센터,월드컵파크7단지,45 ,44 ,1 ,52.99,238 ,174 ,6 ,7 ,410,2220
북부운수,272 ,간선,면목동,남가좌동,41 ,40 ,1 ,46.5,195 ,200 ,4 ,7 ,415,2230
메트로버스,273 ,간선,중랑공영차고지,홍대입구역,39 ,38 ,1 ,44,215 ,164 ,5 ,8 ,410,2230
서울버스,301 ,간선,장지공영차고지,혜화동,42 ,41 ,1 ,48.15,215 ,169 ,5 ,8 ,400,2230
동성교통,302 ,간선,상대원차고지,상왕십리역,29 ,28 ,1 ,55.46,220 ,112 ,8 ,15 ,400,2245
동성교통,303 ,간선,상대원차고지,신설동역,39 ,38 ,1 ,54.59,210 ,152 ,6 ,12 ,400,2220
남성버스,320 ,간선,송파차고지,중랑구청,26 ,25 ,1 ,39.5,165 ,140 ,7 ,10 ,400,2300
대성운수,333 ,간선,송파공영차고지,올림픽공원,28 ,27 ,1 ,46.5,228 ,106 ,9 ,13 ,400,2300
서울승합,340 ,간선,강동공영차고지,강남역,35 ,33 ,2 ,41.1,185 ,170 ,5 ,8 ,430,2310
대원여객,341 ,간선,강동공영차고지,우면동,24 ,23 ,1 ,45.7,220 ,80 ,10 ,14 ,430,2220
서울승합,342 ,간선,강동차고지,압구정로데오역,26 ,25 ,1 ,47.8,200 ,108 ,8 ,11 ,400,2230
대성운수,343 ,간선,송파공영차고지,압구정역3번출구,18 ,17 ,1 ,40.7,173 ,82 ,12 ,17 ,400,2240
대성운수,345 ,간선,송파공영차고지,구반포역,24 ,24 ,0 ,49,210 ,103 ,8 ,12 ,400,2250
한서교통,350 ,간선,송파차고지,노들역앞,26 ,26 ,0 ,51.2,210 ,102 ,8 ,13 ,400,2230
한국brt자동차,360 ,간선,송파차고지,여의도환승센터,51 ,49 ,2 ,55.7,235 ,196 ,5 ,7 ,400,2250
남성버스,361 ,간선,송파공영차고지,여의도역,25 ,24 ,1 ,54.2,230 ,96 ,9 ,14 ,400,2230
대원여객,370 ,간선,강동공영차고지,충정로역,30 ,29 ,1 ,48.7,200 ,135 ,1 ,8 ,400,2250
송파상운,370 ,간선,강동공영차고지,충정로역,9 ,8 ,1 ,48.7,200 ,36 ,1 ,8 ,400,2250
삼성여객,400 ,간선,염곡동,시청앞,25 ,24 ,1 ,48.92,220 ,100 ,8 ,14 ,415,2225
서울버스,401 ,간선,장지공영차고지,서울역,28 ,27 ,1 ,52.68,220 ,104 ,8 ,13 ,400,2230
진화운수,402 ,간선,장지공영차고지,광화문,37 ,36 ,1 ,56.7,225 ,136 ,6 ,12 ,400,5
삼성여객,405 ,간선,염곡동,시청앞,17 ,16 ,1 ,43.97,175 ,86 ,10 ,15 ,415,2225
도선여객,406 ,간선,개포동,서울역,17 ,15 ,1 ,41.53,151 ,86 ,9 ,16 ,400,2300
도선여객,420 ,간선,개포동,답십리역,37 ,36 ,1 ,46.2,205 ,159 ,4 ,10 ,400,2250
삼성여객,421 ,간선,염곡동,옥수동,37 ,36 ,1 ,57.25,265 ,126 ,6 ,12 ,400,2210
동성교통,422 ,간선,구미동차고지,중곡역,15 ,15 ,0 ,59.7,225 ,60 ,15 ,20 ,430,2300
대성운수,440 ,간선,송파공영차고지,압구정동한양파출소앞,28 ,27 ,1 ,49,215 ,111 ,9 ,13 ,355,2255
우신버스,441 ,간선,월암공영차고지,신사역,29 ,25 ,4 ,64.1,223 ,111 ,8 ,15 ,420,2220
남성버스,452 ,간선,송파공영차고지,중앙대학교,34 ,33 ,1 ,62.74,250 ,122 ,7 ,12 ,400,2250
진화운수,461 ,간선,장지공영차고지,여의도공원,40 ,39 ,1 ,62.7,275 ,115 ,8 ,15 ,400,2210
대흥교통,463 ,간선,염곡동차고지,국회의사당,30 ,29 ,1 ,49.5,215 ,116 ,7 ,13 ,400,2215
다모아자동차,470 ,간선,상암차고지,안골마을,33 ,32 ,1 ,58.28,230 ,128 ,7 ,11 ,400,2230
도선여객,472 ,간선,개포동차고지,신촌로타리,31 ,30 ,1 ,39.65,170 ,160 ,6 ,10 ,410,2320
군포교통,500 ,간선,석수역,을지로입구,14 ,13 ,1 ,43.8,185 ,65 ,7 ,10 ,400,2300
서울교통네트웍,500 ,간선,석수역,을지로입구,18 ,17 ,1 ,43.8,185 ,79 ,7 ,10 ,400,2300
한남여객,501 ,간선,한남운수대학동차고지,종로2가,18 ,17 ,1 ,29.92,125 ,128 ,7 ,11 ,430,2230
우신버스,502 ,간선,월암공영차고지,"한국은행,신세계앞",24 ,24 ,0 ,70.47,230 ,97 ,10 ,13 ,410,2250
보영운수,503 ,간선,광명공영차고지,서울역,16 ,15 ,1 ,45,195 ,72 ,11 ,18 ,415,2220
한성운수,504 ,간선,광명공영주차장,남대문,33 ,32 ,1 ,44.04,190 ,148 ,5 ,8 ,355,2240
범일운수,505 ,간선,노온사동,서울역,29 ,27 ,2 ,57.4,195 ,109 ,8 ,12 ,410,2230
한남여객,506 ,간선,신림2동차고지,을지로입구역광교,19 ,17 ,2 ,44.1,188 ,95 ,11 ,16 ,430,2230
서울교통네트웍,507 ,간선,석수역,동대문역사문화공원,29 ,28 ,1 ,51.8,204 ,120 ,7 ,11 ,400,2250
우신버스,540 ,간선,군포공영차고지,서울성모병원,29 ,27 ,2 ,52,183 ,143 ,7 ,25 ,445,5
우신버스,541 ,간선,군포공영차고지,강남역,22 ,19 ,3 ,56.7,190 ,101 ,9 ,25 ,410,2320
신인운수,571 ,간선,가산동,은평뉴타운공영차고지,28 ,25 ,3 ,57.68,245 ,100 ,7 ,15 ,420,2230
서울교통네트웍,600 ,간선,온수동,광화문,27 ,26 ,1 ,38.1,143 ,168 ,7 ,9 ,400,2330
다모아자동차,601 ,간선,개화동,혜화역,28 ,27 ,1 ,51.73,185 ,135 ,7 ,10 ,400,2250
양천운수,602 ,간선,양천공영차고지,시청앞,26 ,25 ,1 ,39.47,165 ,135 ,6 ,10 ,410,2230
중부운수,603 ,간선,신월동,시청,21 ,19 ,2 ,37.24,160 ,114 ,6 ,12 ,420,2300
신길교통,604 ,간선,신월동기점,중구청앞,20 ,19 ,1 ,42.3,180 ,95 ,9 ,13 ,400,2250
공항버스,605 ,간선,강서공영차고지.개화역,후암동,27 ,26 ,1 ,57.3,225 ,104 ,8 ,11 ,400,2220
신길교통,606 ,간선,부천상동,조계사,22 ,21 ,1 ,62.9,230 ,80 ,12 ,16 ,400,2230
중부운수,640 ,간선,신월동기점,강남역,21 ,20 ,1 ,39.834,180 ,110 ,3 ,13 ,420,2250
중부운수,641 ,간선,문래동,양재동,35 ,34 ,1 ,41.59,190 ,170 ,3 ,9 ,410,2240
관악교통,643 ,간선,양천차고지,강남역,28 ,28 ,0 ,45,184 ,137 ,6 ,10 ,430,2240
영인운수,650 ,간선,외발산동,낙성대입구,25 ,24 ,1 ,42.48,190 ,118 ,8 ,11 ,400,2240
김포교통,651 ,간선,방화동,관악구청,25 ,24 ,1 ,51.5,200 ,109 ,8 ,13 ,400,2240
신길교통,652 ,간선,신월동기점,금천우체국독산1동주민센터,28 ,26 ,2 ,47.9,228 ,108 ,7 ,12 ,400,2240
신길교통,653 ,간선,영인운수차고지,가산디지털단지역,5 ,5 ,0 ,27.92,110 ,36 ,10 ,20 ,430,2320
영인운수,653 ,간선,영인운수차고지,가산디지털단지역,6 ,5 ,1 ,27.92,110 ,36 ,10 ,20 ,430,2320
김포교통,654 ,간선,방화동,노들역,22 ,22 ,0 ,44.5,205 ,96 ,9 ,14 ,400,2230
보성운수,660 ,간선,온수동종점,가양역,13 ,12 ,1 ,45.86,194 ,57 ,11 ,15 ,400,2230
서울교통네트웍,660 ,간선,온수동종점,가양역,7 ,6 ,1 ,45.86,194 ,27 ,11 ,15 ,400,2230
신길교통,661 ,간선,부천상동,신세계백화점,18 ,17 ,1 ,53.18,226 ,66 ,13 ,19 ,400,2240
영인운수,662 ,간선,외발산동,여의나루역,17 ,16 ,1 ,37,150 ,99 ,9 ,14 ,400,2310
김포교통,672 ,간선,방화동기점,이대후문,15 ,14 ,1 ,39,162 ,78 ,12 ,17 ,430,2250
신길교통,673 ,간선,부천상동,이대부고,17 ,16 ,1 ,51,198 ,70 ,14 ,18 ,430,2250
보광교통,674 ,간선,신월동기점,연세대,5 ,5 ,0 ,28,120 ,36 ,10 ,15 ,420,2300
신길교통,674 ,간선,신월동기점,연세대,7 ,7 ,0 ,28,120 ,52 ,10 ,16 ,420,2300
동해운수,700 ,간선,대화동,서울역,24 ,23 ,1 ,61.96,210 ,101 ,9 ,20 ,430,0
한국brt자동차,701 ,간선,진관차고지,종로2가삼일교,19 ,18 ,1 ,38.4,148 ,108 ,8 ,12 ,400,2300
서울매일버스,703 ,간선,탄현역,숭례문,14 ,13 ,1 ,66.2,213 ,55 ,15 ,25 ,430,2230
제일교통,704 ,간선,진관공영차고지,서울역버스환승센터,17 ,16 ,1 ,40,155 ,88 ,10 ,14 ,400,2230
신수교통,705 ,간선,은평뉴타운공영차고지,롯데백화점,15 ,14 ,1 ,38,144 ,84 ,12 ,16 ,350,2300
신수교통,706 ,간선,동산동,서소문,14 ,14 ,0 ,30,120 ,98 ,10 ,14 ,400,2300
선진운수,707 ,간선,고양시 가좌동,롯데백화점,24 ,23 ,1 ,78.75,266 ,85 ,7 ,18 ,400,2250
한국brt자동차,708 ,간선,진관차고지,서울역,16 ,15 ,1 ,34,140 ,102 ,10 ,12 ,430,2320
제일교통,709 ,간선,진관공영차고지,서울역버스환승센터,15 ,14 ,1 ,34,155 ,84 ,10 ,14 ,430,2300
다모아자동차,710 ,간선,상암차고지,수유역강북구청,24 ,23 ,1 ,48.6,170 ,109 ,7 ,12 ,350,2240
제일교통,720 ,간선,진관공영차고지,답십리,35 ,34 ,1 ,48.72,197 ,160 ,5 ,10 ,400,2310
서부운수,721 ,간선,북가좌동,건대입구역,37 ,36 ,1 ,43.3,154 ,172 ,5 ,9 ,420,2240
신촌교통,740 ,간선,덕은동종점,무역센터삼성역,30 ,28 ,2 ,48.6,189 ,137 ,6 ,12 ,400,2240
한국brt자동차,741 ,간선,진관차고지,세곡동사거리,35 ,32 ,3 ,65.8,229 ,132 ,5 ,10 ,400,2250
선진운수,742 ,간선,구산동,교대역3,32 ,32 ,0 ,57.9,247 ,114 ,7 ,13 ,400,2210
선진운수,752 ,간선,구산동,노량진,27 ,26 ,1 ,51.2,202 ,118 ,7 ,13 ,400,2220
선진운수,753 ,간선,구산동,상도동,21 ,20 ,1 ,49.2,203 ,89 ,9 ,15 ,410,2220
동해운수,760 ,간선,대화동종점,"영등포소방서,타임스퀘어",21 ,19 ,2 ,62.2,235 ,80 ,12 ,20 ,430,2300
신수교통,761 ,간선,진관공영차고지,영등포역,23 ,22 ,1 ,39,165 ,118 ,7 ,12 ,400,2320
동해운수,771 ,간선,대화동종점,디지털미디어시티역,11 ,11 ,0 ,53,190 ,53 ,16 ,24 ,410,2330
대진여객,1014 ,지선,성북생태체험관,종로구민회관숭인동,12 ,11 ,1 ,12.6,70 ,143 ,7 ,10 ,500,2340
한성여객,1017 ,지선,월계동,상왕십리,11 ,10 ,1 ,23.952,110 ,82 ,11 ,15 ,430,2320
대진여객,1020 ,지선,정릉,교보문고,15 ,14 ,1 ,23.2,85 ,140 ,7 ,9 ,430,2320
한성운수,1111 ,지선,번동,성북동,17 ,17 ,0 ,26.17,120 ,128 ,8 ,12 ,420,2320
도원교통,1112 ,지선,정릉4동,성북동,12 ,11 ,1 ,22.8,105 ,96 ,9 ,15 ,400,2300
대진여객,1113 ,지선,정릉,월곡동,5 ,5 ,0 ,13.9,65 ,70 ,14 ,16 ,510,2340
대진여객,1114 ,지선,성북생태체험관,길음역,4 ,4 ,0 ,8.3,40 ,80 ,12 ,20 ,500,2350
동아운수,1115 ,지선,수유중학교혜화여고,미아삼거리역,6 ,6 ,0 ,11.68,60 ,96 ,9 ,16 ,530,0
대진여객,1116 ,지선,국민대학교,미아사거리,5 ,5 ,0 ,12,70 ,70 ,15 ,25 ,500,2330
선일교통,1119 ,지선,강북청소년수련관,녹천역,20 ,20 ,0 ,20.73,120 ,156 ,7 ,9 ,440,2335
한성여객,1120 ,지선,하계동,삼양동입구,14 ,13 ,1 ,31.79,152 ,75 ,12 ,18 ,430,2300
상진운수,1122 ,지선,석관동(상진운수종점),원자력병원,16 ,15 ,1 ,19.4,86 ,150 ,7 ,10 ,400,2330
한성운수,1124 ,지선,수유역,미아삼거리역,6 ,6 ,0 ,10.5,52 ,108 ,10 ,16 ,500,30
선일교통,1126 ,지선,강북청소년수련관,안방학동,20 ,19 ,1 ,18.913,95 ,166 ,6 ,9 ,425,2350
아진교통,1127 ,지선,수유역,도봉산,9 ,8 ,1 ,20,90 ,80 ,11 ,14 ,500,2310
아진교통,1128 ,지선,도봉산,kt월곡지사,14 ,13 ,1 ,29,130 ,96 ,10 ,13 ,430,2250
삼화상운,1129 ,지선,상계8동,창동역,3 ,3 ,0 ,8.8,43 ,57 ,15 ,40 ,500,2330
삼화상운,1130 ,지선,청백아파트1단지,석계역,5 ,5 ,0 ,7.9,37 ,108 ,8 ,15 ,500,10
한성여객,1131 ,지선,중계본동,석계역,1 ,1 ,0 ,16.25,73 ,12 ,13 ,20 ,500,2350
흥안운수,1131 ,지선,중계본동,석계역,5 ,5 ,0 ,16.25,73 ,54 ,13 ,20 ,500,2350
진아교통,1132 ,지선,월계동,노원역,17 ,16 ,1 ,19.6,93 ,162 ,6 ,11 ,430,2350
삼화상운,1133 ,지선,염광고교,염광고교,7 ,7 ,0 ,12.9,59 ,96 ,10 ,20 ,500,2340
진아교통,1135 ,지선,월계동,은행사거리,10 ,9 ,1 ,17.6,70 ,100 ,9 ,13 ,430,2340
진아교통,1136 ,지선,월계동(E마트),원자력병원,6 ,5 ,1 ,10.8,55 ,85 ,11 ,17 ,500,0
삼화상운,1137 ,지선,상계동,미아사거리,17 ,17 ,0 ,24,130 ,116 ,8 ,14 ,430,2310
흥안운수,1138 ,지선,상계4동,수유역,7 ,6 ,1 ,17.7,87 ,74 ,10 ,20 ,430,2340
흥안운수,1139 ,지선,상계4동,방학2동주민센터,11 ,11 ,0 ,23.62,115 ,88 ,10 ,16 ,430,2340
삼화상운,1140 ,지선,중계동,광운대,3 ,3 ,0 ,15.9,74 ,37 ,15 ,23 ,500,0
한성여객,1140 ,지선,중계동,광운대,2 ,2 ,0 ,15.9,74 ,25 ,15 ,23 ,500,0
한성여객,1141 ,지선,중계본동종점,석계역,1 ,1 ,0 ,15.5,73 ,12 ,12 ,20 ,500,2350
흥안운수,1141 ,지선,중계본동종점,석계역,5 ,5 ,0 ,15.5,73 ,54 ,12 ,20 ,500,2350
흥안운수,1142 ,지선,중계본동,창동역,13 ,11 ,2 ,10.1,57 ,171 ,5 ,10 ,500,0
삼화상운,1143 ,지선,중계본동,수락리버시티,2 ,0 ,2 ,25.06,105 ,16 ,8 ,18 ,430,2320
서울교통네트웍,1143 ,지선,중계본동,수락리버시티,1 ,0 ,1 ,25.06,105 ,8 ,8 ,18 ,430,2320
한성여객,1143 ,지선,중계본동,수락리버시티,2 ,1 ,1 ,25.06,105 ,16 ,8 ,18 ,430,2320
흥안운수,1143 ,지선,중계본동,수락리버시티,5 ,5 ,0 ,25.06,105 ,40 ,8 ,18 ,430,2320
한성여객,1144 ,지선,하계동,우이동,9 ,9 ,0 ,19.89,105 ,81 ,10 ,18 ,440,2340
한성여객,1154 ,지선,하계동,신곡동,11 ,11 ,0 ,27.64,106 ,87 ,10 ,18 ,430,2320
대진여객,1162 ,지선,성북구민회관,보문역,2 ,2 ,0 ,8.31,42 ,36 ,7 ,12 ,500,2340
도원교통,1162 ,지선,성북구민회관,보문역,5 ,5 ,0 ,8.31,42 ,81 ,7 ,12 ,500,2340
도원교통,1164 ,지선,서경대본관,길음전철역,12 ,12 ,0 ,8.78,40 ,230 ,4 ,7 ,500,2340
동아운수,1165 ,지선,화계사,미아사거리역,18 ,17 ,1 ,21.3,110 ,136 ,6 ,10 ,430,2330
삼양교통,1165 ,지선,화계사,미아사거리역,4 ,3 ,1 ,21.3,110 ,24 ,6 ,10 ,430,2330
영신여객,1167 ,지선,우이동,은행사거리(11414),13 ,11 ,2 ,18.922,80 ,126 ,8 ,12 ,445,2330
경성여객,1213 ,지선,용마문화복지센터,국민대학교,21 ,20 ,1 ,27.98,125 ,133 ,8 ,15 ,420,2300
한성운수,1218 ,지선,수유역,답십리,19 ,19 ,0 ,31.7,138 ,117 ,7 ,14 ,410,2250
흥안운수,1221 ,지선,중계동,서울의료원,5 ,5 ,0 ,15.64,68 ,60 ,13 ,27 ,430,2330
진아교통,1222 ,지선,월계동,고대앞,11 ,10 ,1 ,18.6,85 ,105 ,9 ,12 ,400,2320
삼화상운,1224 ,지선,상계4동,청량리,8 ,8 ,0 ,31.4,144 ,48 ,5 ,9 ,430,2320
흥안운수,1224 ,지선,상계4동,청량리,16 ,14 ,2 ,31.4,144 ,88 ,5 ,9 ,430,2320
흥안운수,1226 ,지선,월곡중학교,경동시장,2 ,1 ,1 ,8.72,44 ,42 ,22 ,50 ,430,2240
한성여객,1227 ,지선,하계동,제기동,14 ,13 ,1 ,26.9,114 ,100 ,8 ,13 ,430,2320
도원교통,1711 ,지선,국민대,공덕동,23 ,23 ,0 ,29.93,130 ,161 ,6 ,8 ,430,2300
상진운수,2012 ,지선,중랑공영차고지,동대문역사문화공원,20 ,19 ,1 ,38.03,180 ,99 ,9 ,13 ,400,2240
경성여객,2013 ,지선,용마문화복지센터,성동공업고등학교앞,11 ,11 ,0 ,21.2,114 ,88 ,11 ,15 ,420,2250
태진운수,2014 ,지선,성수동차고지,동대문역사문화공원,14 ,13 ,1 ,22.7,112 ,100 ,10 ,14 ,420,2330
대원교통,2015 ,지선,중랑공영차고지,동대문역사문화공원,25 ,24 ,1 ,29.81,153 ,144 ,6 ,10 ,430,2310
대원교통,2016 ,지선,중랑공영차고지,이촌2동,25 ,24 ,1 ,54.7,238 ,91 ,9 ,15 ,400,2220
북부운수,2112 ,지선,면목동,성북동,14 ,14 ,0 ,36.51,170 ,74 ,10 ,18 ,430,2240
보광운수,2113 ,지선,중랑공영차고지,석계역,13 ,13 ,0 ,19.09,100 ,115 ,8 ,13 ,530,2330
보광운수,2114 ,지선,중랑공영차고지,태릉시장,13 ,13 ,0 ,27,120 ,100 ,9 ,14 ,530,2330
태릉교통,2155 ,지선,불암동,장위동,13 ,13 ,0 ,24,105 ,117 ,6 ,13 ,410,2250
북부운수,2211 ,지선,면목동,회기역,18 ,17 ,1 ,11,82 ,187 ,5 ,7 ,440,2325
태릉교통,2212 ,지선,불암동,서일대,10 ,10 ,0 ,32.3,140 ,70 ,13 ,23 ,410,2240
신흥운수,2221 ,지선,자양동,신설동,20 ,19 ,1 ,24.4,106 ,147 ,6 ,13 ,430,2315
신흥운수,2222 ,지선,자양동,고대앞,14 ,13 ,1 ,23.2,120 ,104 ,8 ,20 ,430,2320
태진운수,2224 ,지선,성수동,강변역,11 ,10 ,1 ,17.3,93 ,90 ,11 ,16 ,410,2315
메트로버스,2227 ,지선,중랑공영차고지,광장동,22 ,18 ,4 ,39.5,185 ,105 ,8 ,13 ,420,2240
북부운수,2230 ,지선,면목동,경동시장,19 ,18 ,1 ,29.1,150 ,117 ,5 ,10 ,420,2300
북부운수,2233 ,지선,면목동,옥수동,16 ,16 ,0 ,42.71,192 ,76 ,12 ,17 ,430,2240
보광운수,2236 ,지선,중랑공영차고지,신이문역,15 ,15 ,0 ,27,150 ,84 ,10 ,15 ,500,2230
북부운수,2311 ,지선,중랑공영차고지,문정동,21 ,20 ,1 ,45.5,220 ,90 ,11 ,14 ,400,2230
태진운수,2412 ,지선,성수동,세곡동사거리,15 ,14 ,1 ,34,137 ,96 ,10 ,15 ,400,2240
태진운수,2413 ,지선,성수동,개포동,11 ,10 ,1 ,26.3,128 ,70 ,13 ,20 ,410,2310
신흥운수,2415 ,지선,자양동,대치동,20 ,19 ,1 ,25.2,115 ,139 ,6 ,16 ,430,2320
대원여객,2416 ,지선,중랑공영차고지,삼성역,15 ,14 ,1 ,35.7,190 ,65 ,14 ,17 ,430,2240
서울버스,3011 ,지선,장지공영차고지,한남동,13 ,12 ,1 ,43.16,180 ,58 ,10 ,13 ,420,2250
진화운수,3011 ,지선,장지공영차고지,한남동,10 ,9 ,1 ,43.16,180 ,43 ,7 ,13 ,420,2250
서울승합,3212 ,지선,강동차고지,강변역,10 ,10 ,0 ,26.5,120 ,80 ,12 ,16 ,430,2330
송파상운,3214 ,지선,마천동,강변역,11 ,11 ,0 ,26.44,112 ,88 ,11 ,14 ,440,2320
신흥운수,3216 ,지선,오금동,경희대입구,20 ,19 ,1 ,38.1,165 ,95 ,11 ,15 ,430,2240
한서교통,3217 ,지선,송파차고지,어린이대공원,29 ,27 ,2 ,42.6,180 ,132 ,7 ,10 ,400,2245
신흥운수,3220 ,지선,오금동,청량리,19 ,18 ,1 ,37.38,165 ,95 ,9 ,16 ,430,2240
대성운수,3313 ,지선,송파공영차고지,잠실새내역,8 ,8 ,0 ,21,115 ,64 ,7 ,12 ,425,2325
한서교통,3313 ,지선,송파공영차고지,잠실새내역,10 ,9 ,1 ,21,115 ,68 ,7 ,12 ,425,2325
송파상운,3314 ,지선,장지동공영차고지,종합운동장,17 ,17 ,0 ,29.4,125 ,124 ,8 ,11 ,440,2320
송파상운,3315 ,지선,장지동공영차고지,삼전동사회복지관,23 ,23 ,0 ,27.4,125 ,169 ,5 ,8 ,430,2320
송파상운,3316 ,지선,마천동,천호역,10 ,9 ,1 ,18.7,66 ,108 ,9 ,12 ,450,2330
송파상운,3317 ,지선,남한산성입구,잠실리센츠아파트앞,11 ,9 ,2 ,18.4,83 ,124 ,8 ,10 ,430,2330
서울승합,3318 ,지선,강동공영차고지,마천동,12 ,10 ,2 ,44,195 ,56 ,10 ,13 ,430,2310
송파상운,3318 ,지선,강동공영차고지,마천동,8 ,8 ,0 ,44,195 ,38 ,12 ,15 ,430,2310
진화운수,3319 ,지선,장지공영차고지,잠실역7번출구,12 ,11 ,1 ,23.4,115 ,84 ,11 ,15 ,430,2330
서울승합,3321 ,지선,강동공영차고지,강동구청,8 ,8 ,0 ,23,105 ,64 ,12 ,16 ,430,2340
송파상운,3321 ,지선,강동공영차고지,강동구청,2 ,2 ,0 ,23,120 ,16 ,12 ,16 ,430,2340
한서교통,3322 ,지선,송파차고지,잠실종합운동장,19 ,18 ,1 ,27.3,120 ,123 ,7 ,12 ,400,2320
대원여객,3323 ,지선,강동차고지,잠실새내역,15 ,14 ,1 ,33.4,170 ,74 ,12 ,17 ,430,2240
대원여객,3324 ,지선,강동공영차고지,강동역,12 ,12 ,0 ,23.8,130 ,84 ,10 ,16 ,420,2320
서울승합,3411 ,지선,강동차고지,한티역,17 ,16 ,1 ,36.2,175 ,92 ,11 ,14 ,430,2310
서울승합,3412 ,지선,강동차고지,강남역,22 ,21 ,1 ,49.8,210 ,87 ,10 ,14 ,400,2230
서울승합,3413 ,지선,강동공영차고지,수서경찰서,26 ,24 ,2 ,43.3,190 ,128 ,8 ,10 ,420,2300
신흥운수,3414 ,지선,오금동,개포중학교,20 ,20 ,0 ,36.6,185 ,96 ,10 ,15 ,430,2240
송파상운,3416 ,지선,마천동,은곡마을입구.리엔파크2단지,10 ,10 ,0 ,23,100 ,100 ,10 ,13 ,440,2330
진화운수,3417 ,지선,장지공영차고지,삼성역,23 ,21 ,2 ,24.6,110 ,168 ,5 ,8 ,430,2330
남성버스,3420 ,지선,복정역환승주차장,구반포역,16 ,15 ,1 ,48.5,220 ,64 ,9 ,14 ,400,2230
동성교통,3420 ,지선,복정역환승주차장,구반포역,8 ,8 ,0 ,48.5,220 ,34 ,9 ,14 ,400,2230
진화운수,3422 ,지선,장지공영차고지,한티역,17 ,16 ,1 ,39.4,185 ,80 ,10 ,16 ,420,2230
서울버스,3426 ,지선,서울버스종점,청담동,21 ,20 ,1 ,36.94,160 ,110 ,7 ,13 ,420,2300
대흥교통,4211 ,지선,염곡동차고지,한양대동문앞,16 ,15 ,1 ,33,150 ,84 ,12 ,15 ,355,2300
우신운수,4212 ,지선,남태령역,중곡역,28 ,27 ,1 ,35.18,160 ,158 ,5 ,12 ,400,2300
도선여객,4312 ,지선,개포동,가락1동주민센터,26 ,24 ,1 ,43,215 ,101 ,9 ,12 ,430,2250
우신운수,4318 ,지선,남태령역,천호역,36 ,34 ,2 ,51.6,225 ,140 ,5 ,20 ,320,2230
우신운수,4319 ,지선,남태령역,잠실역,20 ,19 ,1 ,33.3,160 ,114 ,7 ,12 ,420,2300
동성교통,4425 ,지선,상대원차고지,삼성역,19 ,18 ,1 ,48,200 ,74 ,10 ,20 ,400,2230
도선여객,4432 ,지선,개포동,청계산옛골,13 ,11 ,1 ,25.8,104 ,97 ,7 ,15 ,400,2320
정평운수,4433 ,지선,대치역,양재역,8 ,8 ,0 ,12.2,60 ,122 ,7 ,11 ,540,2330
도선여객,4435 ,지선,개포동,서초역,15 ,13 ,1 ,28.5,144 ,82 ,11 ,16 ,410,2320
신인운수,5012 ,지선,가산동,용산역,22 ,21 ,1 ,45,185 ,95 ,8 ,19 ,420,2230
범일운수,5413 ,지선,시흥,고속터미널,27 ,26 ,1 ,36.13,142 ,156 ,5 ,9 ,410,2300
한남여객,5511 ,지선,신림2동차고지,중앙대학교,16 ,15 ,1 ,25.1,115 ,120 ,8 ,11 ,530,2330
한남여객,5513 ,지선,서울대학교,관악드림타운,9 ,8 ,1 ,15.16,70 ,122 ,6 ,13 ,530,2330
관악교통,5515 ,지선,금호타운아파트,청림동현대아파트,5 ,5 ,0 ,10.87,60 ,58 ,5 ,12 ,530,2330
한남여객,5515 ,지선,금호타운아파트,청림동현대아파트,9 ,8 ,1 ,10.87,60 ,110 ,5 ,10 ,530,2330
한남여객,5516 ,지선,신림2동차고지,노량진역,18 ,18 ,0 ,30.56,130 ,131 ,7 ,9 ,500,2300
한남여객,5517 ,지선,한남운수대학동차고지,중앙대학교,15 ,15 ,0 ,37.28,155 ,90 ,12 ,13 ,430,2230
관악교통,5519 ,지선,우방아파트,용천사,6 ,6 ,0 ,9.1,60 ,82 ,10 ,17 ,600,2325
보성운수,5523 ,지선,난곡종점,관악구청,10 ,9 ,1 ,12.2,60 ,108 ,8 ,17 ,430,2320
양천운수,5524 ,지선,난향차고지,중앙대학교,29 ,28 ,1 ,34.9,165 ,135 ,7 ,10 ,400,2230
범일운수,5525 ,지선,시흥동,보라매공원,7 ,6 ,1 ,15.75,70 ,66 ,14 ,19 ,450,2320
신인운수,5528 ,지선,가산동,사당역,21 ,20 ,1 ,38.4,170 ,103 ,7 ,15 ,430,2250
우신버스,5530 ,지선,군포공영차고지,사당역,29 ,27 ,2 ,58,220 ,113 ,8 ,12 ,440,2230
군포교통,5531 ,지선,군포공영차고지,노들역,41 ,40 ,1 ,52,213 ,170 ,5 ,8 ,420,2230
한성운수,5535 ,지선,하안동,노량진,24 ,23 ,1 ,37.6,173 ,122 ,6 ,10 ,420,2240
한성운수,5536 ,지선,하안동,중앙대,24 ,23 ,1 ,27.6,145 ,143 ,6 ,15 ,355,2240
범일운수,5537 ,지선,시흥동,가산디지털단지역,6 ,6 ,0 ,11.1,49 ,83 ,12 ,18 ,430,2330
한남여객,5611 ,지선,가산동기점,대림동우성아파트,5 ,5 ,0 ,13,57 ,70 ,12 ,23 ,420,2320
보성운수,5615 ,지선,난곡,여의도,19 ,18 ,1 ,27.5,121 ,122 ,8 ,10 ,400,2300
한남여객,5616 ,지선,가산동기점,영도중학교입구,18 ,17 ,1 ,45.4,210 ,73 ,14 ,17 ,420,2220
범일운수,5617 ,지선,시흥,구로디지털단지역,8 ,8 ,0 ,10.53,41 ,128 ,7 ,11 ,450,2350
보성운수,5618 ,지선,구로동,구로동,23 ,22 ,1 ,34.3,160 ,116 ,7 ,12 ,330,2210
범일운수,5619 ,지선,시흥동,신도림역,13 ,12 ,1 ,18.77,84 ,114 ,8 ,12 ,430,2330
범일운수,5620 ,지선,시흥,선유도역,21 ,20 ,1 ,27.67,119 ,140 ,7 ,9 ,430,2310
범일운수,5621 ,지선,삼익아파트,구로디지털단지역,8 ,8 ,0 ,6.45,30 ,150 ,6 ,9 ,520,2350
군포교통,5623 ,지선,군포공영차고지,여의도,37 ,36 ,1 ,56,222 ,141 ,6 ,9 ,400,2220
서울매일버스,5625 ,지선,안양비산동,영등포역(영등포시장),19 ,18 ,1 ,39.2,160 ,102 ,7 ,15 ,400,2240
서울매일버스,5626 ,지선,안양비산동,온수동종점,26 ,25 ,1 ,49.19,206 ,115 ,8 ,14 ,400,2225
범일운수,5627 ,지선,노온사동,구로디지털단지역,11 ,10 ,1 ,35.91,124 ,70 ,14 ,20 ,430,2330
보영운수,5630 ,지선,광명공영차고지,목동역,13 ,13 ,0 ,28.42,140 ,85 ,12 ,18 ,415,2250
범일운수,5633 ,지선,노온사동,순복음교회,21 ,20 ,1 ,55.82,193 ,84 ,11 ,15 ,420,2250
보영운수,5634 ,지선,광명공영차고지,여의도,15 ,14 ,1 ,28.47,135 ,98 ,10 ,17 ,415,2250
한남여객,5712 ,지선,가산동기점,홍대입구역,27 ,26 ,1 ,43.5,190 ,130 ,7 ,10 ,430,2230
서울매일버스,5713 ,지선,안양비산동,신촌기차역,25 ,25 ,0 ,49.2,195 ,120 ,6 ,12 ,405,2225
보영운수,5714 ,지선,광명공영차고지,이대입구,34 ,33 ,1 ,41.53,205 ,138 ,5 ,13 ,415,2210
중부운수,6211 ,지선,신월동,상왕십리,24 ,23 ,1 ,52.68,225 ,97 ,8 ,13 ,420,2230
한남여객,6411 ,지선,정랑고개,선릉역,27 ,26 ,1 ,54.8,250 ,94 ,9 ,14 ,345,2215
한남여객,6511 ,지선,정랑고개,서울대,12 ,11 ,1 ,37.5,180 ,60 ,17 ,23 ,400,2300
보성운수,6512 ,지선,구로동,서울대,24 ,23 ,1 ,37.42,170 ,121 ,6 ,13 ,350,2230
도원교통,6514 ,지선,양천공영차고지,서울대학교,26 ,25 ,1 ,50.9,230 ,103 ,8 ,13 ,400,2200
관악교통,6515 ,지선,양천공영차고지,경인교육대학교,33 ,32 ,1 ,54,219 ,128 ,7 ,10 ,410,2210
양천운수,6516 ,지선,양천공영차고지,박미삼거리,19 ,18 ,1 ,50,235 ,69 ,15 ,20 ,400,2140
세풍운수,6613 ,지선,양천공영차고지,대림역,10 ,9 ,1 ,31.3,135 ,67 ,13 ,19 ,430,2250
세풍운수,6614 ,지선,양천공영차고지,부천옥길지구,15 ,14 ,1 ,35.5,135 ,84 ,11 ,18 ,430,2240
세풍운수,6615 ,지선,양천공영차고지,천왕역,7 ,6 ,1 ,18.9,90 ,75 ,13 ,22 ,430,2300
세풍운수,6616 ,지선,철산동,온수동,12 ,11 ,1 ,27.19,125 ,84 ,11 ,18 ,430,2310
도원교통,6617 ,지선,양천공영차고지,목동우성아파트,10 ,9 ,1 ,19,93 ,90 ,10 ,12 ,500,2330
도원교통,6620 ,지선,양천공영차고지,당산역,9 ,9 ,0 ,25.12,109 ,72 ,13 ,16 ,500,2330
양천운수,6623 ,지선,양천공영차고지,여의도,14 ,14 ,0 ,31.9,135 ,87 ,10 ,15 ,410,2250
중부운수,6624 ,지선,신월동,이대목동병원,18 ,17 ,1 ,24.12,125 ,132 ,6 ,12 ,500,2340
중부운수,6625 ,지선,문래동,화곡역,12 ,12 ,0 ,29.5,140 ,84 ,9 ,18 ,430,2300
양천운수,6627 ,지선,양천공영차고지,이대목동병원,13 ,12 ,1 ,28.34,135 ,79 ,11 ,16 ,430,2300
영인운수,6628 ,지선,외발산동,여의도,25 ,24 ,1 ,27.1,125 ,173 ,5 ,11 ,410,2320
김포교통,6629 ,지선,방화동,영등포역,24 ,23 ,1 ,43,195 ,109 ,8 ,13 ,430,2240
영인운수,6630 ,지선,영인운수차고지,영등포시장,14 ,13 ,1 ,36.72,178 ,69 ,10 ,20 ,420,2250
공항버스,6631 ,지선,강서공영차고지.개화역,영등포시장,26 ,25 ,1 ,38.2,168 ,135 ,7 ,10 ,420,2250
공항버스,6632 ,지선,강서공영차고지.개화역,당산역,17 ,17 ,0 ,34.96,150 ,104 ,8 ,13 ,430,2300
공항버스,6633 ,지선,강서공영차고지.개화역,여의도역,11 ,11 ,0 ,50,220 ,42 ,10 ,25 ,450,2130
범일운수,6637 ,지선,노온사동,목동,31 ,29 ,2 ,37.05,145 ,174 ,5 ,8 ,430,2310
세풍운수,6638 ,지선,철산동,오목교,13 ,12 ,1 ,25.64,120 ,100 ,10 ,15 ,430,2300
정평운수,6642 ,지선,강서공영차고지.개화역,가양3동도시개발9단지아파트,13 ,13 ,0 ,30.6,144 ,90 ,11 ,12 ,440,2230
정평운수,6645 ,지선,강서공영차고지.개화역,강서공영차고지.개화역,13 ,13 ,0 ,27,124 ,90 ,10 ,14 ,440,2230
정평운수,6647 ,지선,강서공영차고지.개화역,강서공영차고지.개화역,13 ,13 ,0 ,23.2,100 ,126 ,8 ,13 ,500,2300
김포교통,6648 ,지선,방화동,양천구청,14 ,14 ,0 ,29,150 ,78 ,12 ,17 ,430,2300
도원교통,6657 ,지선,양천공영차고지,강서한강자이아파트,6 ,6 ,0 ,19.09,102 ,54 ,17 ,23 ,500,2300
김포교통,6712 ,지선,방화동,서강대학교,17 ,16 ,1 ,43.2,165 ,86 ,11 ,15 ,430,2240
세풍운수,6713 ,지선,철산동,홍대입구역,20 ,20 ,0 ,39.4,180 ,104 ,10 ,17 ,430,2220
양천운수,6714 ,지선,양천공영차고지,이대부고,11 ,10 ,1 ,33.8,130 ,70 ,13 ,20 ,430,2300
중부운수,6715 ,지선,신월동,상암동,20 ,19 ,1 ,30.4,130 ,144 ,5 ,10 ,430,2320
세풍운수,6716 ,지선,양천공영차고지,이대입구,27 ,26 ,1 ,48.12,180 ,130 ,9 ,11 ,430,2220
유성운수,7011 ,지선,은평차고지,중구청,21 ,20 ,1 ,35.8,175 ,110 ,7 ,14 ,430,2310
유성운수,7016 ,지선,은평차고지,상명대,32 ,31 ,1 ,50,210 ,136 ,5 ,10 ,430,2230
보광교통,7017 ,지선,은평차고지,롯데백화점,23 ,22 ,1 ,36.6,170 ,125 ,7 ,11 ,430,2300
서부운수,7018 ,지선,북가좌동,무교동,18 ,17 ,1 ,26.4,115 ,124 ,6 ,12 ,415,2300
현대교통,7019 ,지선,은평차고지,서소문,26 ,25 ,1 ,39,158 ,143 ,6 ,12 ,430,2255
보광교통,7021 ,지선,은평차고지,을지로입구,23 ,21 ,2 ,33.69,160 ,132 ,7 ,12 ,430,2300
선진운수,7022 ,지선,구산동,서울역,19 ,18 ,1 ,30.8,125 ,133 ,7 ,10 ,430,2310
원버스,7024 ,지선,봉원사,서울역,5 ,5 ,0 ,13.61,75 ,67 ,13 ,22 ,530,2310
선진운수,7025 ,지선,은평차고지,종로6가,17 ,16 ,1 ,32.97,142 ,112 ,9 ,17 ,410,2320
제일교통,7211 ,지선,진관공영차고지,신설동,29 ,28 ,1 ,48.8,175 ,146 ,5 ,10 ,410,2300
선진운수,7212 ,간선,은평공영차고지,극동그린아파트,25 ,25 ,0 ,59.12,262 ,91 ,8 ,16 ,400,2210
현대교통,7611 ,지선,은평차고지,여의도,17 ,17 ,0 ,39.04,152 ,102 ,8 ,14 ,410,2240
현대교통,7612 ,지선,홍연2교,영등포구청역,17 ,17 ,0 ,19.97,95 ,165 ,6 ,12 ,433,2340
선진운수,7613 ,지선,구산동,여의도,16 ,15 ,1 ,34.5,160 ,86 ,12 ,15 ,430,2300
신촌교통,7711 ,지선,덕은동종점,홍대입구역,9 ,8 ,1 ,13.3,68 ,113 ,8 ,10 ,430,0
현대교통,7713 ,지선,홍연2교,홍연2교,15 ,14 ,1 ,24.2,113 ,112 ,9 ,13 ,500,2330
선진운수,7715 ,지선,은평차고지,연신내역,13 ,12 ,1 ,26.4,114 ,104 ,7 ,13 ,430,2330
서부운수,7719 ,지선,북가좌동,녹번동,4 ,3 ,1 ,13.3,55 ,45 ,20 ,30 ,420,2300
선진운수,7720 ,지선,구산동,신촌,16 ,16 ,0 ,27.76,117 ,118 ,7 ,15 ,430,2310
신수교통,7722 ,지선,진관공영차고지,녹번역,12 ,12 ,0 ,19.28,88 ,115 ,8 ,14 ,430,2350
신수교통,7723 ,지선,진관공영차고지,구파발역,9 ,8 ,1 ,17.3,65 ,112 ,9 ,13 ,430,0
신촌교통,7726 ,지선,덕은동종점,모래내삼거리,7 ,5 ,2 ,27.5,93 ,55 ,19 ,23 ,500,0
신촌교통,7727 ,지선,설문동,신촌,22 ,21 ,1 ,60.96,200 ,97 ,9 ,14 ,430,2250
동해운수,7728 ,지선,대화동,신촌,22 ,21 ,1 ,58.3,220 ,86 ,10 ,16 ,400,2210
보광교통,7730 ,지선,은평차고지,이북오도청,18 ,18 ,0 ,30.6,140 ,126 ,8 ,10 ,430,2300
신수교통,7734 ,지선,진관공영차고지,홍대입구역,29 ,28 ,1 ,32.5,155 ,157 ,5 ,10 ,400,2300
원버스,7737 ,지선,은평공영차고지,파크빌아파트,14 ,14 ,0 ,27.33,145 ,100 ,9 ,12 ,505,2310
원버스,7738 ,지선,은평공영차고지,홍제역,13 ,13 ,0 ,19.39,85 ,132 ,7 ,10 ,500,2320
원버스,7739 ,지선,은평공영차고지,서교가든,8 ,8 ,0 ,17.47,75 ,78 ,12 ,15 ,500,2320
대진여객,8002 ,맞춤,상명대앞,경복궁역,0 ,0 ,0 ,7.5,35 ,0 ,0 ,0 ,0,0
대진여객,8003 ,맞춤,평창동주민센터,평창동주민센터,2 ,2 ,0 ,6.7,30 ,44 ,20 ,40 ,600,2300
삼양교통,8101 ,맞춤,도봉보건소,서소문,2 ,1 ,1 ,30.2,180 ,2 ,7 ,7 ,730,805
선일교통,8101 ,맞춤,도봉보건소,서소문,1 ,0 ,1 ,30.2,180 ,1 ,10 ,10 ,700,800
아진교통,8101 ,맞춤,도봉보건소,서소문,1 ,1 ,0 ,30.2,180 ,1 ,7 ,7 ,730,805
진아교통,8101 ,맞춤,도봉보건소,서소문,1 ,1 ,0 ,30.2,180 ,1 ,10 ,10 ,700,800
한성여객,8101 ,맞춤,도봉보건소,서소문,1 ,1 ,0 ,30.2,180 ,1 ,10 ,10 ,700,800
한성운수,8101 ,맞춤,도봉보건소,서소문,1 ,0 ,1 ,30.2,180 ,1 ,10 ,10 ,700,800
도원교통,8111 ,맞춤,북악중학교,국민대앞,2 ,0 ,2 ,15,80 ,4 ,15 ,20 ,630,905
동아운수,8111 ,맞춤,북악중학교,국민대앞,0 ,0 ,0 ,15,80 ,6 ,15 ,20 ,630,905
삼화상운,8112 ,맞춤,온곡중학교,수락리버시티1단지정문,0 ,0 ,0 ,11,60 ,6 ,15 ,15 ,630,915
흥안운수,8112 ,맞춤,온곡중학교,수락리버시티1단지정문,0 ,0 ,0 ,11,60 ,6 ,15 ,15 ,630,915
한성여객,8146 ,맞춤,상계주공7단지,강남역,3 ,0 ,3 ,57.2,231 ,3 ,5 ,5 ,350,400
흥안운수,8146 ,맞춤,상계주공7단지,강남역,1 ,0 ,1 ,57.2,231 ,1 ,5 ,5 ,350,400
북부운수,8221 ,맞춤,장안2동주민센터,답십리역,1 ,1 ,0 ,11.1,50 ,3 ,5 ,13 ,640,850
상진운수,8221 ,맞춤,장안2동주민센터,답십리역,1 ,1 ,0 ,11.1,50 ,3 ,5 ,13 ,640,850
태릉교통,8221 ,맞춤,장안2동주민센터,답십리역,2 ,2 ,0 ,11.1,50 ,5 ,5 ,13 ,640,850
한성운수,8221 ,맞춤,장안2동주민센터,답십리역,2 ,1 ,1 ,11.1,50 ,6 ,5 ,13 ,640,850
신흥운수,8331 ,맞춤,마천사거리,잠실역,2 ,2 ,0 ,12.1,55 ,6 ,9 ,12 ,720,920
진화운수,8331 ,맞춤,마천사거리,잠실역,3 ,3 ,0 ,12.1,55 ,6 ,9 ,12 ,720,920
대원여객,8332 ,맞춤,강동리버스트상가,중앙보훈병원,0 ,0 ,0 ,13.5,80 ,5 ,18 ,25 ,610,910
서울승합,8332 ,맞춤,강동리버스트상가,중앙보훈병원,0 ,0 ,0 ,13.5,70 ,5 ,18 ,25 ,610,910
대성운수,8441 ,맞춤,"은곡마을,LH이편한세상",수서역5번출구,1 ,0 ,1 ,9.5,43 ,2 ,6 ,20 ,647,920
진화운수,8441 ,맞춤,"은곡마을,LH이편한세상",수서역5번출구,1 ,1 ,0 ,9.5,43 ,3 ,6 ,20 ,647,920
태진운수,8441 ,맞춤,"은곡마을,LH이편한세상",수서역5번출구,3 ,3 ,0 ,9.5,43 ,8 ,6 ,20 ,647,920
관악교통,8541 ,맞춤,호압사,강남역,3 ,0 ,3 ,28.86,120 ,3 ,10 ,20 ,400,440
범일운수,8551 ,맞춤,봉천역,노량진역,2 ,2 ,0 ,14.5,60 ,4 ,12 ,15 ,650,850
한남여객,8551 ,맞춤,봉천역,노량진역,1 ,1 ,0 ,14.5,60 ,2 ,10 ,12 ,650,850
한성운수,8551 ,맞춤,봉천역,노량진역,2 ,2 ,0 ,14.5,60 ,4 ,12 ,15 ,650,850
보성운수,8552 ,맞춤,신림복지관앞,신림역신림사거리,2 ,2 ,0 ,7.6,28 ,6 ,11 ,13 ,730,915
한남여객,8552 ,맞춤,신림복지관,신림역신림사거리,0 ,0 ,0 ,7.6,28 ,3 ,11 ,13 ,730,915
보영운수,8553 ,맞춤,금천구청,금천구청,3 ,3 ,0 ,7.2,31 ,9 ,10 ,10 ,650,830
군포교통,8561 ,맞춤,신림동별빛거리입구,여의도환승센타,2 ,0 ,2 ,11.5,60 ,6 ,10 ,11 ,655,915
한성운수,8561 ,맞춤,신림동별빛거리입구,여의도환승센타,2 ,0 ,2 ,11.5,60 ,6 ,10 ,11 ,655,915
중부운수,8641 ,맞춤,거리공원,개포중학교,2 ,0 ,2 ,52.9,226 ,2 ,0 ,0 ,350,350
관악교통,8661 ,맞춤,온수공영차고지,천왕역4번출구,0 ,0 ,0 ,11,50 ,9 ,15 ,20 ,630,855
중부운수,8671 ,맞춤,문래동시점,아현초등학교,0 ,0 ,0 ,17.5,80 ,5 ,15 ,20 ,0630,0905
현대교통,8671 ,맞춤,문래동시점,아현초등학교,2 ,0 ,2 ,17.5,80 ,4 ,15 ,20 ,630,905
신촌교통,8762 ,맞춤,디지털미디어시티역2번출구,디지털미디어시티역2번출구,2 ,1 ,1 ,13,52 ,12 ,14 ,17 ,630,1954
유성운수,8762 ,맞춤,디지털미디어시티역2번출구,디지털미디어시티역2번출구,2 ,2 ,0 ,13,52 ,12 ,14 ,17 ,630,1954
선진운수,8771 ,맞춤,"구산중,구산교회",녹번역,4 ,4 ,0 ,7.7,40 ,12 ,10 ,11 ,700,900
제일교통,8772 ,맞춤,진관공영차고지,북한산성입구,0 ,0 ,0 ,13.24,35 ,0 ,0 ,0 ,0,0
선진운수,8774 ,맞춤,구산동,서대문구청,5 ,5 ,0 ,18.7,108 ,48 ,20 ,25 ,430,2300
보광교통,8777 ,맞춤,난지캠핑장,월드컵경기장남측,0 ,0 ,0 ,10.5,0 ,0 ,0 ,0 ,0,0
원버스,8777 ,맞춤,난지캠핑장,월드컵경기장남측,0 ,0 ,0 ,10.5,0 ,0 ,0 ,0 ,0,0
남성버스,9401 ,광역,구미동차고지,서울역,14 ,13 ,1 ,72.36,165 ,72 ,3 ,6 ,430,2300
동성교통,9401 ,광역,구미동차고지,서울역,36 ,33 ,3 ,72.36,165 ,198 ,3 ,6 ,430,2300
남성버스,9404 ,광역,분당구미,신사역,26 ,25 ,1 ,56,150 ,155 ,6 ,8 ,400,2330
남성버스,9408 ,광역,구미동차고지,고속터미널,18 ,17 ,1 ,66,220 ,71 ,10 ,18 ,400,2240
동성교통,9409 ,광역,구미동차고지,신사역,8 ,8 ,0 ,61,205 ,33 ,25 ,30 ,500,2300
선진운수,9707 ,광역,고양시 가좌동,영등포역,22 ,21 ,1 ,65.8,166 ,121 ,6 ,16 ,500,0
서울매일버스,9711 ,광역,일산동부경찰서,양재동,24 ,23 ,1 ,90.5,230 ,96 ,7 ,16 ,450,2330
대진여객,110A,간선,정릉,정릉,22 ,21 ,1 ,36.9,150 ,126 ,7 ,10 ,400,2240
대진여객,110B,간선,정릉,정릉,22 ,22 ,0 ,36.8,150 ,132 ,7 ,10 ,405,2245
상진운수,2115A,지선,중랑공영차고지,서경대입구,13 ,12 ,1 ,36.7,170 ,66 ,7 ,10 ,400,2250
도원교통,2115B,지선,서경대입구기점,중랑공영차고지,16 ,15 ,1 ,36.7,170 ,83 ,6 ,10 ,400,2350
대원여객,2312A,지선,중랑차고지,강동차고지,6 ,6 ,0 ,46,180 ,30 ,8 ,12 ,420,2230
북부운수,2312A,지선,중랑차고지,강동차고지,11 ,11 ,0 ,46,180 ,55 ,7 ,12 ,420,2230
대원여객,2312B,지선,강동차고지,중랑차고지,3 ,2 ,1 ,46,180 ,15 ,10 ,25 ,430,2020
보성운수,5522A,지선,난곡,난곡,13 ,12 ,1 ,20,100 ,105 ,7 ,15 ,500,2330
보성운수,5522B,지선,난곡,난곡,7 ,7 ,0 ,20,100 ,63 ,8 ,12 ,500,2330
한남여객,5522B,지선,난곡,난곡,3 ,3 ,0 ,20,100 ,27 ,10 ,15 ,500,2330
세풍운수,6640A,지선,양천공영차고지,양천공영차고지,9 ,8 ,1 ,20.48,95 ,90 ,11 ,16 ,430,2310
세풍운수,6640B,지선,양천공영차고지,양천공영차고지,10 ,8 ,2 ,20.77,95 ,90 ,12 ,16 ,430,2310
유성운수,7013A,지선,은평차고지,남대문시장,9 ,8 ,1 ,37.6,155 ,45 ,15 ,30 ,430,2300
유성운수,7013B,지선,은평차고지,남대문시장,8 ,8 ,0 ,37.7,155 ,45 ,15 ,30 ,445,2310
선진운수,702A,간선,원당차고지,종로1가,26 ,25 ,1 ,45.44,171 ,138 ,7 ,10 ,340,2210
선진운수,702B,간선,원당차고지,종로1가,14 ,14 ,0 ,46.32,180 ,74 ,11 ,20 ,405,2235
신촌교통,750A,간선,덕은동종점,서울대학교,17 ,16 ,1 ,46.93,170 ,82 ,5 ,14 ,400,2310
유성운수,750B,간선,은평차고지,서울대학교,17 ,16 ,1 ,44,150 ,90 ,4 ,10 ,400,2310
우신운수,8442출근,맞춤,서초호반써밋아파트,양재역,0 ,0 ,0 ,12.2,60 ,4 ,7 ,50 ,640,745
우신운수,8442퇴근,맞춤,양재역,서초호반써밋아파트,0 ,0 ,0 ,12.2,60 ,2 ,60 ,60 ,1830,1930
선진운수,8773구산,맞춤,구산동선진운수종점,홍대입구역,3 ,0 ,3 ,26.1,157 ,6 ,20 ,40 ,540,1735
서부운수,8773홍대,맞춤,홍대입구역,선진운수종점,1 ,1 ,0 ,26.1,157 ,2 ,20 ,40 ,540,1715
현대교통,8773홍대,맞춤,홍대입구역,선진운수종점,1 ,0 ,1 ,26.1,157 ,2 ,20 ,40 ,540,1715
남성버스,9401-1,광역,푸른마을,"서울시중부기술교육원,블루스퀘어",5 ,5 ,0 ,56,120 ,40 ,10 ,20 ,600,2300
동성교통,9401-1,광역,푸른마을,"서울시중부기술교육원,블루스퀘어",5 ,5 ,0 ,56,120 ,40 ,10 ,20 ,600,2300
흥안운수,N13상계,심야,상계주공7단지,송파공영차고지,6 ,6 ,0 ,75,250 ,6 ,20 ,30 ,2330,120
한국brt자동차,N13송파,심야,송파공영차고지,상계주공7단지,6 ,6 ,0 ,75,250 ,6 ,20 ,30 ,2330,120
우신운수,N15사당,심야,남태령역,우이동,6 ,6 ,0 ,74.4,240 ,6 ,15 ,30 ,2350,130
동아운수,N15우이,심야,우이동성원아파트,전원마을,7 ,6 ,1 ,76,240 ,7 ,10 ,30 ,2330,130
서울교통네트웍,N16도봉,심야,도봉차고지,온수동차고지,4 ,4 ,0 ,76.1,260 ,4 ,20 ,30 ,2350,130
아진교통,N16도봉,심야,도봉차고지,온수동차고지,2 ,1 ,1 ,76.1,240 ,2 ,20 ,30 ,2350,130
양천운수,N16온수,심야,온수동차고지,도봉산공영차고지,6 ,5 ,1 ,76.1,260 ,6 ,20 ,30 ,0,140
다모아자동차,N26강서,심야,강서공영차고지,중랑공영차고지,5 ,5 ,0 ,72.9,240 ,5 ,15 ,25 ,0,130
메트로버스,N26중랑,심야,중랑공영차고지,강서공영차고지,5 ,4 ,1 ,72.9,240 ,6 ,15 ,20 ,0,130
서울승합,N30,심야,강동공영차고지,서울역환승센터,4 ,4 ,0 ,47.5,145 ,8 ,35 ,45 ,2310,350
대원여객,N31강동,심야,강동공영차고지,국민대,4 ,4 ,0 ,73.7,250 ,4 ,35 ,40 ,2330,120
대진여객,N31정릉,심야,강동공영차고지,국민대,4 ,2 ,2 ,73.7,250 ,4 ,35 ,40 ,2330,120
한국brt자동차,N37송파,심야,송파공영차고지,진관공영차고지,4 ,4 ,0 ,73.476,220 ,4 ,25 ,25 ,2350,120
제일교통,N37진관,심야,진관공영차고지,송파공영차고지,4 ,4 ,0 ,73.5,220 ,4 ,30 ,30 ,2350,120
범일운수,N51시흥,심야,범일운수종점,한성여객종점,4 ,4 ,0 ,77.4,240 ,4 ,30 ,30 ,2340,130
한성여객,N51하계,심야,하계동차고지,시흥동차고지,4 ,3 ,1 ,77.4,260 ,4 ,30 ,40 ,2340,130
삼화상운,N61상계,심야,상계주공7단지,양천공영차고지,8 ,7 ,1 ,88.6,280 ,8 ,10 ,30 ,2340,410
관악교통,N61양천,심야,양천공영차고지,상계주공7단지,6 ,6 ,0 ,88.6,280 ,6 ,10 ,30 ,2340,410
영인운수,N61양천,심야,양천공영차고지,상계주공7단지,2 ,1 ,1 ,88.6,280 ,2 ,10 ,30 ,2340,410
경성여객,N62면목,심야,면목동차고지,양천공영차고지,6 ,5 ,1 ,72.3,240 ,6 ,15 ,20 ,2340,110
도원교통,N62양천,심야,양천공영차고지,면목동차고지,6 ,6 ,0 ,72.3,240 ,6 ,15 ,20 ,2340,110
공항버스,N64강서,심야,강서공영차고지.개화역,염곡동구룡사,4 ,4 ,0 ,70.3,230 ,4 ,30 ,35 ,2340,110
삼성여객,N64염곡,심야,염곡동구룡사,강서공영차고지.개화역,4 ,4 ,0 ,70.3,230 ,4 ,30 ,35 ,2340,110
보광교통,N72은평,심야,은평공영차고지,중랑공영차고지,3 ,3 ,0 ,70,250 ,3 ,25 ,30 ,2330,115
유성운수,N72은평,심야,은평공영차고지,중랑공영차고지,2 ,1 ,1 ,70,250 ,2 ,25 ,30 ,2330,115
북부운수,N72중랑,심야,중랑공영차고지,은평공영차고지,4 ,3 ,1 ,70,250 ,4 ,30 ,40 ,2330,115
선진운수,N73구산,심야,구산동,송파차고지,4 ,3 ,1 ,76,260 ,4 ,35 ,35 ,2330,115
한국brt자동차,N73송파,심야,송파공영차고지,구산동선진운수종점,4 ,2 ,2 ,76,260 ,4 ,35 ,35 ,2330,115
한남여객,N75신림,심야,신림2동차고지,은평뉴타운공영차고지,6 ,5 ,1 ,88.2,300 ,6 ,25 ,30 ,2300,120
제일교통,N75진관,심야,은평뉴타운공영차고지,신림2동차고지,6 ,6 ,0 ,88.2,300 ,6 ,25 ,30 ,2300,120
동성교통,서울01출근,광역,강남역,화성시동탄,3 ,1 ,2 ,38,120 ,3 ,15 ,20 ,700,730
동성교통,서울01퇴근,광역,강남역,화성시동탄,0 ,0 ,0 ,38,120 ,2 ,20 ,20 ,1820,1840
공항버스,서울02출근,간선,김포시 풍무동,김포공항역,0 ,0 ,0 ,12,60 ,6 ,10 ,12 ,630,820
다모아자동차,서울02출근,간선,김포시 풍무동,김포공항역,0 ,0 ,0 ,12,60 ,6 ,10 ,12 ,630,820
공항버스,서울02퇴근,간선,김포공항역,김포시 풍무동,0 ,0 ,0 ,12,60 ,2 ,20 ,20 ,1820,1900
다모아자동차,서울02퇴근,간선,김포공항역,김포시 풍무동,0 ,0 ,0 ,12,60 ,1 ,20 ,20 ,1820,1900
선진운수,서울03출근,광역,파주시 운정지구,홍대입구역,3 ,3 ,0 ,37,80 ,3 ,20 ,25 ,620,700
선진운수,서울03퇴근,광역,홍대입구역,파주시 운정지구,0 ,0 ,0 ,37,80 ,2 ,20 ,20 ,1820,1840
선진운수,서울04출근,간선,고양시 원흥지구,가양역,0 ,0 ,0 ,13,60 ,4 ,15 ,20 ,630,715
선진운수,서울04퇴근,간선,가양역,고양시 원흥지구,0 ,0 ,0 ,13,60 ,3 ,20 ,20 ,1830,1910
서울교통네트웍,서울05출근,간선,양주시 옥정신도시,도봉산역,0 ,0 ,0 ,21,50 ,4 ,15 ,20 ,630,715
서울교통네트웍,서울05퇴근,간선,도봉산역,양주옥정,0 ,0 ,0 ,21,50 ,2 ,20 ,20 ,1840,1900
남성버스,서울06출근,광역,강남역,광주시 능평동,3 ,0 ,3 ,33,100 ,3 ,15 ,20 ,650,720
남성버스,서울06퇴근,광역,강남역,광주시 능평동,0 ,0 ,0 ,33,100 ,2 ,20 ,20 ,1820,1840
삼성여객,서울07출근,간선,양재역,기업성장센터,0 ,0 ,0 ,13,50 ,2 ,15 ,20 ,700,745
우신운수,서울07출근,간선,양재역,기업성장센터,0 ,0 ,0 ,13,50 ,2 ,15 ,20 ,700,745
우신운수,서울07퇴근,간선,기업성장센터,양재역,0 ,0 ,0 ,13,50 ,2 ,15 ,20 ,1820,1840
보광교통,서울08출근,간선,화정역3호선,디지털미디어시티역,0 ,0 ,0 ,10,30 ,3 ,15 ,20 ,700,730
보광교통,서울08퇴근,간선,디지털미디어시티역,화정역4번출구,0 ,0 ,0 ,10,30 ,2 ,20 ,20 ,1820,1840
삼화상운,서울09출근,간선,의정부시고산지구,노원역,0 ,0 ,0 ,16,50 ,1 ,15 ,20 ,700,745
한성여객,서울09출근,간선,의정부시고산지구,노원역,0 ,0 ,0 ,16,50 ,1 ,15 ,20 ,700,745
흥안운수,서울09출근,간선,의정부시고산지구,노원역,0 ,0 ,0 ,16,50 ,2 ,15 ,20 ,700,745
삼화상운,서울09퇴근,간선,노원역,의정부 고산지구,0 ,0 ,0 ,16,50 ,1 ,20 ,20 ,1840,1900
흥안운수,서울09퇴근,간선,노원역,의정부 고산지구,0 ,0 ,0 ,16,50 ,1 ,20 ,20 ,1840,1900
동아운수,서울10출근,간선,의정부시가능동,도봉산,0 ,0 ,0 ,10,30 ,2 ,15 ,20 ,700,745
아진교통,서울10출근,간선,의정부시가능동,도봉산,0 ,0 ,0 ,10,30 ,2 ,15 ,20 ,700,745
동아운수,서울10퇴근,간선,도봉산역,의정부 가능,0 ,0 ,0 ,10,30 ,1 ,20 ,20 ,1840,1900
아진교통,서울10퇴근,간선,도봉산역,의정부 가능,0 ,0 ,0 ,10,30 ,1 ,20 ,20 ,1840,1900